,accuracy,precision,recall_score,f1score,brierscore,expectedcalibrationerror,inferencetime
0,0.844,0.843,0.844,0.843,0.22041538085937495,0.02040557132959366,0.842
1,0.844,0.843,0.844,0.843,0.22041538085937495,0.02040557132959366,0.916
2,0.844,0.843,0.844,0.843,0.22041538085937495,0.02040557132959366,0.909
3,0.844,0.843,0.844,0.843,0.22041538085937495,0.02040557132959366,0.897
4,0.844,0.843,0.844,0.843,0.22041538085937495,0.02040557132959366,0.934
