,accuracy,precision,recall_score,f1score,brierscore,expectedcalibrationerror,inferencetime
0,0.988,0.988,0.988,0.988,0.018400683593750022,0.009716637989878655,0.692
1,0.988,0.988,0.988,0.988,0.018400683593750022,0.009716637989878655,0.213
2,0.988,0.988,0.988,0.988,0.018400683593750022,0.009716637989878655,0.427
3,0.988,0.988,0.988,0.988,0.018400683593750022,0.009716637989878655,0.224
4,0.988,0.988,0.988,0.988,0.018400683593750022,0.009716637989878655,0.213
