,accuracy,precision,recall_score,f1score,brierscore,expectedcalibrationerror,inferencetime,auroc
0,0.981,0.981,0.981,0.981,0.030974804687500024,0.013289134442806244,3.753,0.9997436773653685
1,0.982,0.982,0.982,0.982,0.030059375,0.012297254538536072,0.279,0.9997365561058273
2,0.982,0.982,0.982,0.982,0.029355761718749984,0.013737349075078965,0.397,0.9997379283000063
3,0.981,0.981,0.981,0.981,0.029943164062499972,0.012498790538311004,0.397,0.9997226755818998
