,accuracy,precision,recall_score,f1score,brierscore,expectedcalibrationerror,inferencetime
0,0.988,0.988,0.988,0.988,0.018400683593750022,0.009716637989878655,1.249
1,0.988,0.988,0.988,0.988,0.018400683593750022,0.009716637989878655,0.473
2,0.988,0.988,0.988,0.988,0.018400683593750022,0.009716637989878655,0.503
3,0.988,0.988,0.988,0.988,0.018400683593750022,0.009716637989878655,0.476
4,0.988,0.988,0.988,0.988,0.018400683593750022,0.009716637989878655,0.495
