,accuracy,precision,recall_score,f1score,brierscore,expectedcalibrationerror,inferencetime
0,0.988,0.988,0.988,0.988,0.018493749999999975,0.009686838912963867,0.705
1,0.988,0.988,0.988,0.988,0.018493749999999975,0.009686838912963867,0.697
2,0.988,0.988,0.988,0.988,0.018493749999999975,0.009686838912963867,0.685
3,0.988,0.988,0.988,0.988,0.018493749999999975,0.009686838912963867,0.665
4,0.988,0.988,0.988,0.988,0.018493749999999975,0.009686838912963867,0.755
