,accuracy,precision,recall_score,f1score,brierscore,expectedcalibrationerror,inferencetime
0,0.988,0.988,0.988,0.988,0.018493749999999975,0.009686838912963867,47.798
1,0.988,0.988,0.988,0.988,0.018493749999999975,0.009686838912963867,50.901
2,0.988,0.988,0.988,0.988,0.018493749999999975,0.009686838912963867,33.867
3,0.988,0.988,0.988,0.988,0.018493749999999975,0.009686838912963867,49.704
4,0.988,0.988,0.988,0.988,0.018493749999999975,0.009686838912963867,52.760
