,accuracy,precision,recall_score,f1score,brierscore,expectedcalibrationerror,inferencetime,auroc
0,0.98,0.98,0.98,0.98,0.031212988281249965,0.01337337703704834,0.755,0.9997310509700708
1,0.979,0.979,0.979,0.979,0.033479492187500015,0.013148763221502303,1.397,0.9997158034128741
2,0.98,0.98,0.98,0.98,0.03223818359374997,0.011564995938539505,0.790,0.9996915339627792
3,0.979,0.979,0.979,0.979,0.03142470703125,0.01162960284948349,1.520,0.9997310158365021
