,accuracy,precision,recall_score,f1score,brierscore,expectedcalibrationerror,inferencetime,auroc
0,0.982,0.982,0.982,0.982,0.028519531249999952,0.013396993786096573,0.799,0
1,0.981,0.981,0.981,0.981,0.03078017578125003,0.011779787874221802,0.522,0
2,0.983,0.983,0.983,0.983,0.02868427734375001,0.013139482355117797,0.482,0
3,0.979,0.979,0.979,0.979,0.03343203125000005,0.011928331285715103,0.543,0
4,0.98,0.98,0.98,0.98,0.031537304687500045,0.011098799765110016,0.519,0
