,accuracy,precision,recall_score,f1score,brierscore,expectedcalibrationerror,inferencetime
0,0.844,0.843,0.844,0.843,0.22041538085937495,0.02040557132959366,2.051
1,0.844,0.843,0.844,0.843,0.22041538085937495,0.02040557132959366,2.080
2,0.844,0.843,0.844,0.843,0.22041538085937495,0.02040557132959366,2.221
3,0.844,0.843,0.844,0.843,0.22041538085937495,0.02040557132959366,1.714
4,0.844,0.843,0.844,0.843,0.22041538085937495,0.02040557132959366,2.308
