,epoch_no,train_loss,val_loss,train_acc,val_acc
0,1,0.2234749305566152,0.0948084088422358,0.9331833333333334,0.9713
1,2,0.13191694835424422,0.07241010816395282,0.9603333333333334,0.9776
2,3,0.12043801426291466,0.06531485556513071,0.9637166666666667,0.9813000000000001
3,4,0.1116117609500885,0.09389430292397738,0.9659500000000001,0.9706
4,5,0.10746304799318314,0.06274301938004792,0.9669000000000001,0.9800000000000001
5,6,0.10562353854179382,0.07157900910116732,0.9681833333333334,0.9770000000000001
6,7,0.10257907954454422,0.06869670481197536,0.9693666666666667,0.9802000000000001
