,accuracy,precision,recall_score,f1score,brierscore,expectedcalibrationerror,inferencetime
0,0.847,0.846,0.847,0.846,0.21978359375,0.014924027645587921,1.627
1,0.847,0.846,0.847,0.846,0.21978359375,0.014924027645587921,0.704
2,0.847,0.846,0.847,0.846,0.21978359375,0.014924027645587921,0.755
3,0.847,0.846,0.847,0.846,0.21978359375,0.014924027645587921,0.728
4,0.847,0.846,0.847,0.846,0.21978359375,0.014924027645587921,0.751
