,accuracy,precision,recall_score,f1score,brierscore,expectedcalibrationerror,inferencetime
0,0.847,0.846,0.847,0.846,0.21978359375,0.014924027645587921,16.526
1,0.847,0.846,0.847,0.846,0.21978359375,0.014924027645587921,2.115
2,0.847,0.846,0.847,0.846,0.21978359375,0.014924027645587921,2.070
3,0.847,0.846,0.847,0.846,0.21978359375,0.014924027645587921,1.391
4,0.847,0.846,0.847,0.846,0.21978359375,0.014924027645587921,2.623
