,accuracy,precision,recall_score,f1score,brierscore,expectedcalibrationerror,inferencetime,auroc
0,0.851,0.85,0.851,0.85,0.20925970458984378,0.020563324719667434,4.725,0
1,0.856,0.854,0.856,0.854,0.20616961669921874,0.020765762269496918,2.472,0
2,0.853,0.853,0.853,0.852,0.21254956054687502,0.017541289418935777,1.993,0
3,0.856,0.856,0.856,0.856,0.20642401123046872,0.019103170812129974,2.102,0
4,0.862,0.861,0.862,0.861,0.20380560302734374,0.01863319081068039,2.832,0
