,accuracy,precision,recall_score,f1score,brierscore,expectedcalibrationerror,inferencetime,auroc
0,0.909,0.91,0.909,0.909,0.697947998046875,0.6947698883056641,3.520,0.8972461890551031
1,0.909,0.91,0.909,0.909,0.697947998046875,0.6947698883056641,2.081,0.8972461890551031
2,0.909,0.91,0.909,0.909,0.697947998046875,0.6947698883056641,2.092,0.8972461890551031
3,0.909,0.91,0.909,0.909,0.697947998046875,0.6947698883056641,2.054,0.8972461890551031
4,0.909,0.91,0.909,0.909,0.697947998046875,0.6947698883056641,2.078,0.8972461890551031
