,accuracy,precision,recall_score,f1score,brierscore,expectedcalibrationerror,inferencetime,auroc
0,0.908,0.909,0.908,0.908,0.6856228637695312,0.6845706506729126,18.437,0.6855107345789966
1,0.908,0.909,0.908,0.908,0.6856228637695312,0.6845706506729126,13.122,0.6855107345789966
2,0.908,0.909,0.908,0.908,0.6856228637695312,0.6845706506729126,11.828,0.6855107345789966
3,0.908,0.909,0.908,0.908,0.6856228637695312,0.6845706506729126,14.068,0.6855107345789966
4,0.908,0.909,0.908,0.908,0.6856228637695312,0.6845706506729126,15.643,0.6855107345789966
