,accuracy,precision,recall_score,f1score,brierscore,expectedcalibrationerror,inferencetime,auroc
0,0.912,0.913,0.912,0.911,0.15621923828124995,0.06122191047668457,54.077,0.6619509540577908
1,0.904,0.905,0.904,0.903,0.17018920898437495,0.06632503965497016,78.574,0.6619509540577908
2,0.906,0.908,0.906,0.907,0.16641906738281254,0.06593738147243858,50.519,0.6619509540577908
3,0.908,0.911,0.908,0.909,0.16678765869140622,0.07015009062737226,76.030,0.6619509540577908
4,0.914,0.914,0.914,0.913,0.15803173828124994,0.06627439361810684,79.292,0.6619509540577908
