,epoch_no,train_loss,val_loss,train_acc,val_acc
0,1,0.27523678892698045,0.2388917304992676,0.36370192307692306,0.4728
1,2,0.21793893652084545,0.2213827819824219,0.521915064102564,0.5442
2,3,0.19062110426334233,0.22531590270996094,0.6104366987179487,0.6236
