,accuracy,precision,recall_score,f1score,brierscore,expectedcalibrationerror,inferencetime,auroc
0,0.904,0.909,0.904,0.904,0.69682294921875,0.6880096252441407,3.811,0.9002347206858408
1,0.904,0.909,0.904,0.904,0.69682294921875,0.6880096252441407,2.122,0.9002347206858408
2,0.904,0.909,0.904,0.904,0.69682294921875,0.6880096252441407,2.186,0.9002347206858408
3,0.904,0.909,0.904,0.904,0.69682294921875,0.6880096252441407,2.098,0.9002347206858408
4,0.904,0.909,0.904,0.904,0.69682294921875,0.6880096252441407,2.114,0.9002347206858408
