,accuracy,precision,recall_score,f1score,brierscore,expectedcalibrationerror,inferencetime,auroc
0,0.964,0.966,0.964,0.964,0.07199999999999995,0.036,8.995,0.5
1,0.964,0.967,0.964,0.964,0.07099999999999995,0.0355,7.511,0.5
2,0.972,0.974,0.972,0.972,0.05500000000000005,0.0275,7.030,0.5
3,0.971,0.972,0.971,0.971,0.05800000000000005,0.029,6.893,0.5
4,0.964,0.967,0.964,0.964,0.07099999999999995,0.0355,7.186,0.5
