,epoch_no,train_loss,val_loss,train_acc,val_acc
0,1,9.594310576080257,7.39809921875,0.09745592948717949,0.0974
1,2,4.767179934387533,2.38033388671875,0.1105602297008547,0.2412
2,3,0.3075207053946379,0.04384790466308594,0.8142694978632479,0.9725
3,4,0.053735707082554825,0.03454892150878906,0.9738247863247863,0.9813
4,5,0.04298928118923791,0.031861908569335934,0.9823384081196581,0.9853
5,6,0.03746218750110039,0.031080934143066407,0.9863948985042735,0.9876
6,7,0.03411623615469051,0.02452196533203125,0.9883146367521367,0.9882
