,accuracy,precision,recall_score,f1score,brierscore,expectedcalibrationerror,inferencetime,auroc
0,0.966,0.968,0.966,0.966,0.660751953125,0.736337535840273,2.471,0.5
1,0.966,0.968,0.966,0.966,0.660751953125,0.736337535840273,2.756,0.5
2,0.966,0.968,0.966,0.966,0.660751953125,0.736337535840273,1.664,0.5
3,0.966,0.968,0.966,0.966,0.660751953125,0.736337535840273,1.095,0.5
4,0.966,0.968,0.966,0.966,0.660751953125,0.736337535840273,2.598,0.5
