,accuracy,precision,recall_score,f1score,brierscore,expectedcalibrationerror,inferencetime,auroc
0,0.994,0.994,0.994,0.994,0.015258422851562536,0.03150258328765631,0.750,0.9798744253840117
1,0.991,0.991,0.991,0.991,0.019138793945312482,0.03051082560420036,0.438,0.9798744253840117
2,0.994,0.994,0.994,0.993,0.014759155273437519,0.03100643350183964,0.459,0.9798744253840117
3,0.994,0.994,0.994,0.993,0.01493231201171874,0.029254759900271893,0.373,0.9798744253840117
4,0.991,0.991,0.991,0.991,0.020178344726562547,0.030105166554450988,0.452,0.9798744253840117
