,accuracy,precision,recall_score,f1score,brierscore,expectedcalibrationerror,inferencetime,auroc
0,0.796,0.809,0.796,0.796,0.7428676635742187,0.5997326904296875,3.593,0.82895139199925
1,0.796,0.809,0.796,0.796,0.7428676635742187,0.5997326904296875,2.095,0.82895139199925
2,0.796,0.809,0.796,0.796,0.7428676635742187,0.5997326904296875,2.088,0.82895139199925
3,0.796,0.809,0.796,0.796,0.7428676635742187,0.5997326904296875,2.094,0.82895139199925
4,0.796,0.809,0.796,0.796,0.7428676635742187,0.5997326904296875,2.124,0.82895139199925
