,epoch_no,train_loss,val_loss,train_acc,val_acc
0,1,9.932259911346435,10.0,0.09988000000000001,0.1
1,2,10.0,10.0,0.1,0.1
2,3,10.0,10.0,0.1,0.1
