,accuracy,precision,recall_score,f1score,brierscore,expectedcalibrationerror,inferencetime,auroc
0,0.793,0.81,0.793,0.794,0.7147070190429687,0.5712635902404786,12.370,0.5813130341534862
1,0.793,0.81,0.793,0.794,0.7147070190429687,0.5712635902404786,14.808,0.5813130341534862
2,0.793,0.81,0.793,0.794,0.7147070190429687,0.5712635902404786,12.192,0.5813130341534862
3,0.793,0.81,0.793,0.794,0.7147070190429687,0.5712635902404786,12.876,0.5813130341534862
4,0.793,0.81,0.793,0.794,0.7147070190429687,0.5712635902404786,17.264,0.5813130341534862
