,accuracy,precision,recall_score,f1score,brierscore,expectedcalibrationerror,inferencetime,auroc
0,0.99,0.99,0.99,0.99,0.6573491455078124,0.7588973794490099,1.343,0.5205680669504503
1,0.99,0.99,0.99,0.99,0.6573491455078124,0.7588973794490099,1.210,0.5205680669504503
2,0.99,0.99,0.99,0.99,0.6573491455078124,0.7588973794490099,1.152,0.5205680669504503
3,0.99,0.99,0.99,0.99,0.6573491455078124,0.7588973794490099,1.280,0.5205680669504503
4,0.99,0.99,0.99,0.99,0.6573491455078124,0.7588973794490099,1.763,0.5205680669504503
