,accuracy,precision,recall_score,f1score,brierscore,expectedcalibrationerror,inferencetime,auroc
0,0.909,0.911,0.909,0.909,0.6842305297851563,0.6854169764518738,52.916,0.6831509562619736
1,0.92,0.921,0.92,0.92,0.6824210739135742,0.6955975551605225,51.423,0.6831509562619736
2,0.912,0.912,0.912,0.911,0.6855959548950195,0.6878101632595063,77.661,0.6831509562619736
3,0.919,0.922,0.919,0.919,0.6814577331542968,0.6945877484679223,81.657,0.6831509562619736
4,0.897,0.898,0.897,0.897,0.688505630493164,0.6739465367794036,80.228,0.6831509562619736
