,accuracy,precision,recall_score,f1score,brierscore,expectedcalibrationerror,inferencetime,auroc
0,0.993,0.993,0.993,0.993,0.6637420166015625,0.7657371490478516,0.970,0.9896290219094801
1,0.993,0.993,0.993,0.993,0.6637420166015625,0.7657371490478516,0.556,0.9896290219094801
2,0.993,0.993,0.993,0.993,0.6637420166015625,0.7657371490478516,0.554,0.9896290219094801
3,0.993,0.993,0.993,0.993,0.6637420166015625,0.7657371490478516,0.523,0.9896290219094801
4,0.993,0.993,0.993,0.993,0.6637420166015625,0.7657371490478516,0.520,0.9896290219094801
