,accuracy,precision,recall_score,f1score,brierscore,expectedcalibrationerror,inferencetime,auroc
0,0.993,0.993,0.993,0.993,0.6682009155273437,0.7678609489440918,0.661,0.9848090456324411
1,0.993,0.993,0.993,0.993,0.6682009155273437,0.7678609489440918,0.430,0.9848090456324411
2,0.993,0.993,0.993,0.993,0.6682009155273437,0.7678609489440918,0.465,0.9848090456324411
3,0.993,0.993,0.993,0.993,0.6682009155273437,0.7678609489440918,0.453,0.9848090456324411
4,0.993,0.993,0.993,0.993,0.6682009155273437,0.7678609489440918,0.456,0.9848090456324411
