,epoch_no,train_loss,val_loss,train_acc,val_acc
0,1,9.691249656881023,7.69823984375,0.1007278311965812,0.101
1,2,4.897076060119857,2.2403366796875,0.1208767361111111,0.282
2,3,0.2801921607639927,0.04004809448242187,0.8505775908119658,0.976
3,4,0.04847122954093238,0.03174398956298828,0.9771133814102564,0.9845
4,5,0.038596520940653786,0.024958142395019534,0.9843416132478633,0.9876
5,6,0.03412633034615563,0.023483790893554686,0.9873965010683761,0.9891
6,7,0.030602549604721304,0.022449864501953125,0.9894998664529915,0.99
