,accuracy,precision,recall_score,f1score,brierscore,expectedcalibrationerror,inferencetime,auroc
0,0.912,0.914,0.912,0.911,0.14188891601562503,0.01754700904339552,3.334,0.904605412009593
1,0.908,0.909,0.908,0.908,0.1481181640625,0.010921893283724785,2.136,0.904605412009593
2,0.906,0.907,0.906,0.905,0.1522803344726562,0.012485968373715878,2.168,0.904605412009593
3,0.908,0.909,0.908,0.907,0.15521844482421876,0.020391608491539957,2.176,0.904605412009593
4,0.902,0.903,0.902,0.901,0.15515081787109375,0.010166299045085907,2.157,0.904605412009593
