,accuracy,precision,recall_score,f1score,brierscore,expectedcalibrationerror,inferencetime
0,0.828,0.827,0.828,0.827,0.41912783203125004,0.37172146644592285,1.639
1,0.828,0.827,0.828,0.827,0.41912783203125004,0.37172146644592285,0.752
2,0.828,0.827,0.828,0.827,0.41912783203125004,0.37172146644592285,0.751
3,0.828,0.827,0.828,0.827,0.41912783203125004,0.37172146644592285,0.727
4,0.828,0.827,0.828,0.827,0.41912783203125004,0.37172146644592285,0.737
