,accuracy,precision,recall_score,f1score,brierscore,expectedcalibrationerror,inferencetime
0,0.822,0.822,0.822,0.822,0.44611508789062504,0.39190607872009275,1.616
1,0.822,0.822,0.822,0.822,0.44611508789062504,0.39190607872009275,0.752
2,0.822,0.822,0.822,0.822,0.44611508789062504,0.39190607872009275,0.725
3,0.822,0.822,0.822,0.822,0.44611508789062504,0.39190607872009275,0.802
4,0.822,0.822,0.822,0.822,0.44611508789062504,0.39190607872009275,0.734
