,accuracy,precision,recall_score,f1score,brierscore,expectedcalibrationerror,inferencetime
0,0.828,0.828,0.828,0.827,0.41947595214843747,0.3717531505584717,0.838
1,0.828,0.828,0.828,0.827,0.41947595214843747,0.3717531505584717,0.914
2,0.828,0.828,0.828,0.827,0.41947595214843747,0.3717531505584717,0.906
3,0.828,0.828,0.828,0.827,0.41947595214843747,0.3717531505584717,0.905
4,0.828,0.828,0.828,0.827,0.41947595214843747,0.3717531505584717,0.903
