,accuracy,precision,recall_score,f1score,brierscore,expectedcalibrationerror,inferencetime
0,0.828,0.827,0.828,0.827,0.41912783203125004,0.37172146644592285,20.668
1,0.828,0.827,0.828,0.827,0.41912783203125004,0.37172146644592285,1.417
2,0.828,0.827,0.828,0.827,0.41912783203125004,0.37172146644592285,2.136
3,0.828,0.827,0.828,0.827,0.41912783203125004,0.37172146644592285,2.250
4,0.828,0.827,0.828,0.827,0.41912783203125004,0.37172146644592285,1.691
