,accuracy,precision,recall_score,f1score,brierscore,expectedcalibrationerror,inferencetime
0,0.822,0.822,0.822,0.822,0.44611508789062504,0.39190607872009275,17.794
1,0.822,0.822,0.822,0.822,0.44611508789062504,0.39190607872009275,1.417
2,0.822,0.822,0.822,0.822,0.44611508789062504,0.39190607872009275,2.083
3,0.822,0.822,0.822,0.822,0.44611508789062504,0.39190607872009275,1.679
4,0.822,0.822,0.822,0.822,0.44611508789062504,0.39190607872009275,2.234
