,accuracy,precision,recall_score,f1score,brierscore,expectedcalibrationerror,inferencetime
0,0.984,0.984,0.984,0.984,0.079917578125,0.1976643035531044,34.832
1,0.984,0.984,0.984,0.984,0.079917578125,0.1976643035531044,52.595
2,0.984,0.984,0.984,0.984,0.079917578125,0.1976643035531044,51.038
3,0.984,0.984,0.984,0.984,0.079917578125,0.1976643035531044,49.821
4,0.984,0.984,0.984,0.984,0.079917578125,0.1976643035531044,35.460
