,accuracy,precision,recall_score,f1score,brierscore,expectedcalibrationerror,inferencetime
0,0.819,0.82,0.819,0.819,0.4473918701171875,0.38971236944198606,2.367
1,0.819,0.82,0.819,0.819,0.4473918701171875,0.38971236944198606,2.004
2,0.819,0.82,0.819,0.819,0.4473918701171875,0.38971236944198606,2.285
3,0.819,0.82,0.819,0.819,0.4473918701171875,0.38971236944198606,2.244
4,0.819,0.82,0.819,0.819,0.4473918701171875,0.38971236944198606,2.260
