,accuracy,precision,recall_score,f1score,brierscore,expectedcalibrationerror,inferencetime
0,0.983,0.983,0.983,0.983,0.07988266601562499,0.19197128443717956,0.688
1,0.983,0.983,0.983,0.983,0.07988266601562499,0.19197128443717956,0.763
2,0.983,0.983,0.983,0.983,0.07988266601562499,0.19197128443717956,0.729
3,0.983,0.983,0.983,0.983,0.07988266601562499,0.19197128443717956,0.735
4,0.983,0.983,0.983,0.983,0.07988266601562499,0.19197128443717956,0.747
