,accuracy,precision,recall_score,f1score,brierscore,expectedcalibrationerror,inferencetime
0,0.983,0.983,0.983,0.983,0.08014897460937498,0.1928215061187744,0.218
1,0.983,0.983,0.983,0.983,0.08014897460937498,0.1928215061187744,0.473
2,0.983,0.983,0.983,0.983,0.08014897460937498,0.1928215061187744,0.478
3,0.983,0.983,0.983,0.983,0.08014897460937498,0.1928215061187744,0.334
4,0.983,0.983,0.983,0.983,0.08014897460937498,0.1928215061187744,0.357
