,accuracy,precision,recall_score,f1score,brierscore,expectedcalibrationerror,inferencetime
0,0.984,0.984,0.984,0.984,0.08006884765625,0.19775633590221406,1.228
1,0.984,0.984,0.984,0.984,0.08006884765625,0.19775633590221406,0.497
2,0.984,0.984,0.984,0.984,0.08006884765625,0.19775633590221406,0.492
3,0.984,0.984,0.984,0.984,0.08006884765625,0.19775633590221406,0.512
4,0.984,0.984,0.984,0.984,0.08006884765625,0.19775633590221406,0.542
