,accuracy,precision,recall_score,f1score,brierscore,expectedcalibrationerror,inferencetime
0,0.984,0.984,0.984,0.984,0.08006884765625,0.19775633590221406,0.216
1,0.984,0.984,0.984,0.984,0.08006884765625,0.19775633590221406,0.213
2,0.984,0.984,0.984,0.984,0.08006884765625,0.19775633590221406,0.233
3,0.984,0.984,0.984,0.984,0.08006884765625,0.19775633590221406,0.240
4,0.984,0.984,0.984,0.984,0.08006884765625,0.19775633590221406,0.435
