,accuracy,precision,recall_score,f1score,brierscore,expectedcalibrationerror,inferencetime,auroc
0,0.982,0.982,0.982,0.981,0.08240380859374996,0.1925582617521286,5.752,0
1,0.981,0.981,0.981,0.981,0.08436779785156245,0.18895368444919586,5.414,0
2,0.986,0.987,0.986,0.986,0.07683068847656249,0.1947588266134262,5.913,0
3,0.981,0.981,0.981,0.981,0.08266577148437504,0.19576526200771333,3.933,0
4,0.986,0.987,0.986,0.986,0.07677313232421878,0.1927042172551155,3.925,0
