,accuracy,precision,recall_score,f1score,brierscore,expectedcalibrationerror,inferencetime
0,0.983,0.983,0.983,0.983,0.07988266601562499,0.19197128443717956,35.777
1,0.983,0.983,0.983,0.983,0.07988266601562499,0.19197128443717956,47.563
2,0.983,0.983,0.983,0.983,0.07988266601562499,0.19197128443717956,32.344
3,0.983,0.983,0.983,0.983,0.07988266601562499,0.19197128443717956,47.991
4,0.983,0.983,0.983,0.983,0.07988266601562499,0.19197128443717956,49.284
