,accuracy,precision,recall_score,f1score,brierscore,expectedcalibrationerror,inferencetime
0,0.828,0.828,0.828,0.827,0.41947595214843747,0.3717531505584717,2.426
1,0.828,0.828,0.828,0.827,0.41947595214843747,0.3717531505584717,2.386
2,0.828,0.828,0.828,0.827,0.41947595214843747,0.3717531505584717,2.287
3,0.828,0.828,0.828,0.827,0.41947595214843747,0.3717531505584717,2.305
4,0.828,0.828,0.828,0.827,0.41947595214843747,0.3717531505584717,2.274
