,accuracy,precision,recall_score,f1score,brierscore,expectedcalibrationerror,inferencetime
0,0.819,0.82,0.819,0.819,0.4473918701171875,0.38971236944198606,0.9
1,0.819,0.82,0.819,0.819,0.4473918701171875,0.38971236944198606,0.902
2,0.819,0.82,0.819,0.819,0.4473918701171875,0.38971236944198606,0.875
3,0.819,0.82,0.819,0.819,0.4473918701171875,0.38971236944198606,0.933
4,0.819,0.82,0.819,0.819,0.4473918701171875,0.38971236944198606,0.882
