,accuracy,precision,recall_score,f1score,brierscore,expectedcalibrationerror,inferencetime
0,0.983,0.983,0.983,0.983,0.08014897460937498,0.1928215061187744,1.232
1,0.983,0.983,0.983,0.983,0.08014897460937498,0.1928215061187744,0.497
2,0.983,0.983,0.983,0.983,0.08014897460937498,0.1928215061187744,0.477
3,0.983,0.983,0.983,0.983,0.08014897460937498,0.1928215061187744,0.496
4,0.983,0.983,0.983,0.983,0.08014897460937498,0.1928215061187744,0.516
