,epoch_no,train_loss,val_loss,train_acc,val_acc
0,1,0.535919442431132,0.3064766511917114,0.87955,0.9453
1,2,0.4628757702191671,0.32612792575359345,0.9365333333333333,0.9646
2,3,0.45671081908543903,0.33738034048080445,0.9457666666666668,0.9653
3,4,0.4523306967496872,0.3472287860631943,0.9525333333333333,0.9678
4,5,0.4583928142706553,0.35339136161804197,0.9553333333333334,0.9691000000000001
5,6,0.46826711044311525,0.35265025091171265,0.9564333333333334,0.9716
6,7,0.4771377106348674,0.38455797429084776,0.9577166666666667,0.9720000000000001
