,accuracy,precision,recall_score,f1score,brierscore,expectedcalibrationerror,inferencetime
0,0.984,0.984,0.984,0.984,0.079917578125,0.1976643035531044,0.648
1,0.984,0.984,0.984,0.984,0.079917578125,0.1976643035531044,0.722
2,0.984,0.984,0.984,0.984,0.079917578125,0.1976643035531044,0.841
3,0.984,0.984,0.984,0.984,0.079917578125,0.1976643035531044,0.759
4,0.984,0.984,0.984,0.984,0.079917578125,0.1976643035531044,0.763
