,accuracy,precision,recall_score,f1score,brierscore,expectedcalibrationerror,inferencetime,auroc
0,0.991,0.991,0.991,0.991,0.014808044433593737,0.01129850934445858,0.755,0
1,0.992,0.992,0.992,0.991,0.014362304687499994,0.011990713208913803,0.319,0
2,0.991,0.991,0.991,0.991,0.013715332031249972,0.011251216098666191,0.333,0
3,0.986,0.986,0.986,0.986,0.022758544921875012,0.007776221424341202,0.421,0
4,0.992,0.992,0.992,0.992,0.014294677734374983,0.011108081087470054,0.328,0
