,accuracy,precision,recall_score,f1score,brierscore,expectedcalibrationerror,inferencetime,auroc
0,0.819,0.819,0.819,0.818,0.42182360839843747,0.36243288362026216,4.129,0
1,0.824,0.823,0.824,0.823,0.4216243591308594,0.36817719423770906,3.005,0
2,0.827,0.827,0.827,0.826,0.4184687805175781,0.3712053985595703,3.063,0
3,0.821,0.821,0.821,0.82,0.4323369445800781,0.3700179488658905,1.917,0
4,0.829,0.829,0.829,0.829,0.41366760253906254,0.3661453416347504,3.410,0
