,accuracy,precision,recall_score,f1score,brierscore,expectedcalibrationerror,inferencetime,auroc
0,0.823,0.824,0.823,0.822,0.4267076416015625,0.36857621562480924,8.196,0
1,0.825,0.827,0.825,0.825,0.42124285888671875,0.36925507032871246,7.602,0
2,0.832,0.833,0.832,0.831,0.4244421691894531,0.3823648444414139,9.557,0
3,0.824,0.824,0.824,0.823,0.42337957763671874,0.36914506936073305,7.564,0
4,0.824,0.826,0.824,0.825,0.4214118347167969,0.37029914581775664,8.606,0
