,accuracy,precision,recall_score,f1score,brierscore,expectedcalibrationerror,inferencetime,auroc
0,0.822,0.824,0.822,0.823,0.44381210327148435,0.39205676546692847,8.119,0
1,0.83,0.83,0.83,0.83,0.43828143310546874,0.39453103291988373,7.975,0
2,0.82,0.823,0.82,0.821,0.4487505187988281,0.39400228464603426,7.814,0
3,0.826,0.828,0.826,0.826,0.4499137878417969,0.3982254019379616,8.051,0
4,0.803,0.802,0.803,0.803,0.46129998779296877,0.38049435621500016,8.124,0
