,accuracy,precision,recall_score,f1score,brierscore,expectedcalibrationerror,inferencetime,auroc
0,0.985,0.985,0.985,0.985,0.07779406738281247,0.1962149430513382,0.545,0
1,0.982,0.982,0.982,0.982,0.08300378417968746,0.1991085431575775,0.282,0
2,0.986,0.986,0.986,0.986,0.08148785400390623,0.1978488302230835,0.272,0
3,0.984,0.985,0.984,0.984,0.07891589355468753,0.19914139127731323,0.409,0
4,0.983,0.983,0.983,0.983,0.07824450683593753,0.19594675076007842,0.419,0
