,accuracy,precision,recall_score,f1score,brierscore,expectedcalibrationerror,inferencetime,auroc
0,0.984,0.984,0.984,0.984,0.08256384277343753,0.19409539633989334,0.963,0
1,0.984,0.984,0.984,0.983,0.0821928100585938,0.1893335382938385,0.329,0
2,0.982,0.982,0.982,0.982,0.0810081176757812,0.19178553378582,0.325,0
3,0.984,0.985,0.984,0.984,0.07743359375000003,0.19082277727127075,0.297,0
4,0.98,0.981,0.98,0.981,0.08710852050781248,0.19637484666705132,0.356,0
